{"cameraMode":{"drawMode":0,"name":"Shaded","section":"Shading Mode"},"sceneLighting":false,"audioPlay":false,"sceneViewState":{"showFog":true,"showMaterialUpdate":false,"showSkybox":false,"showFlares":true,"showImageEffects":true,"showParticleSystems":true},"in2DMode":false,"pivot":{"x":-0.00003790855407714844,"y":0.49439799785614016,"z":-0.0342259407043457},"rotation":{"x":0.519874095916748,"y":0.37043511867523196,"z":-0.266696572303772,"w":0.7220789194107056},"size":1.3924946784973145,"orthographic":false}